;Agrupacion;;;;;;;;;;;;;;
Id Circuito;APTITUD RENOVADORA;AUTODETERMINACIÓN Y LIBERTAD;AUTONOMISTA;DIGNIDAD POPULAR;FEDERAL;FRENTE DE IZQUIERDA Y DE TRABAJADORES - UNIDAD;FRENTE DE TODOS;JUNTOS POR EL CAMBIO;LA LIBERTAD AVANZA;MOVIMIENTO AL SOCIALISMO;MOVIMIENTO LIBRES DEL SUR;POLÍTICA OBRERA;RENOVADOR FEDERAL;SOCIALISTA AUTÉNTICO;Total general
1;0,001977848;0,028876582;0,001582278;0,001384494;0,004021624;0,087552743;0,329707278;0,389372363;0,130406118;0,00382384;0,005669831;0,007779536;0,000527426;0,007318038;1
2;0,00192759;0,028159571;0,002430439;0,001257124;0,00527992;0,087663426;0,360626886;0,365571572;0,12236004;0,003855179;0,005447536;0,007542742;0,000838082;0,007039893;1
3;0,000875657;0,006421483;0,000583771;0,000291886;0,00525394;0,019556334;0,105078809;0,658201985;0,198774081;0,001459428;0;0,002335085;0;0,001167542;1
4;0;0,004809344;0;0,000343525;0,003435246;0,013397458;0,094469255;0,722775678;0,154929577;0,001374098;0,000343525;0,001374098;0;0,002748196;1
5;0,00255102;0,010015117;0,001984127;0,00170068;0,002645503;0,080782313;0,479969766;0,252267574;0,126322751;0,003873772;0,014455782;0,009826153;0,001039305;0,012566138;1
6;0,000842543;0,007335085;0,000297368;0,000247807;0,00287456;0,019973237;0,075283739;0,747236953;0,137681519;0,000594737;0,001932894;0,001833771;0,000148684;0,003717104;1
7;0,001051927;0,013005642;0,000860667;0,000478149;0,005164005;0,032705365;0,118867744;0,669503682;0,146887253;0,001721335;0,002295113;0,002008224;9,56297E-05;0,005355264;1
8;0,001322886;0,02014857;0,001424646;0,001017605;0,004579221;0,038668973;0,168515315;0,608222245;0,14287168;0,00223873;0,00213697;0,002645772;0,000407042;0,005800346;1
9;0,001533742;0,018001292;0,002179529;0,000645786;0,008153051;0,043267678;0,186712948;0,553115919;0,171536971;0,002583145;0,004278334;0,002906038;0,00072651;0,004359057;1
10;0,002940559;0,023384443;0,002450466;0,000980186;0,00658125;0,052720017;0,211510187;0,538962403;0,142617097;0,003080585;0,003290625;0,003850732;0,000560106;0,007071344;1
11;0,002321165;0,025603151;0,003024548;0,001406767;0,005556728;0,060209608;0,280931279;0,44531195;0,155940072;0,003587255;0,004149961;0,006119434;0,00042203;0,005416051;1
12;0,00259086;0,021806405;0,002518892;0,001223462;0,005325657;0,069881252;0,274991004;0,457574667;0,141849586;0,002734797;0,004893847;0,005973372;0,000791652;0,007844548;1
13;0,004058654;0,026512176;0,002291176;0,001309243;0,005826132;0,068473422;0,280636292;0,449921445;0,137797853;0,004451427;0,004516889;0,007004451;0,000589159;0,006611678;1
14;0,002879539;0,027515598;0,002239642;0,000959846;0,007838746;0,046712526;0,26587746;0,461846105;0,165733483;0,001119821;0,00399936;0,005279155;0,000479923;0,007518797;1
15;0,001949861;0,032869081;0,001299907;0,001207057;0,004642526;0,075951718;0,320705664;0,401949861;0,134447539;0,004828227;0,00733519;0,004363974;0,001114206;0,00733519;1
16;0,001986097;0,028256748;0,001986097;0,001173603;0,005506906;0,072582829;0,313351991;0,418795703;0,128825494;0,003701363;0,005506906;0,008486052;0,000902772;0,008937438;1
17;0,002777778;0,030246914;0,002037037;0,00117284;0,005308642;0,075308642;0,309320988;0,416728395;0,135308642;0,003333333;0,005246914;0,006481481;0,000617284;0,006111111;1
18;0,003890641;0,022502629;0,002313354;0,001997897;0,004100946;0,075394322;0,328811777;0,389274448;0,145215563;0,005047319;0,004521556;0,007465825;0,00126183;0,008201893;1
19;0,00268583;0,023882114;0,00239547;0,00181475;0,004936121;0,075493612;0,352206736;0,363167828;0,143074913;0,003702091;0,004427991;0,007694541;0,00116144;0,013356562;1
20;0,000989315;0,011179264;0,002176494;0,000395726;0,002869015;0,032548476;0,164226355;0,640581717;0,133359715;0,000989315;0,003462604;0,003462604;0,000593589;0,003165809;1
21;0,000887213;0,006321393;0,000831762;0,000166352;0,003049795;0,020849506;0,076133969;0,741654652;0,14151048;0,001164467;0,001885328;0,001608074;0,000277254;0,003659754;1
22;0,001240754;0,019661179;0,001240754;0,000906705;0,004581246;0,046241947;0,144452398;0,643712718;0,125745645;0,001622524;0,003483655;0,00181341;0,000238607;0,005058459;1
23;0,000950787;0,020308816;0,002586141;0,000532441;0,004107401;0,045751883;0,153571157;0,629991633;0,127595649;0,001939606;0,003422834;0,003118582;0,00026622;0,005856849;1
24;0,00093518;0,017067041;0,001285873;0,000233795;0,003916068;0,035478403;0,119293939;0,667660296;0,143316383;0,002279502;0,002454848;0,001636566;0,000584488;0,003857619;1
25;0,000904432;0,011034067;0,000844136;0,00066325;0,002713295;0,030630087;0,100693398;0,707446488;0,137172144;0,000723545;0,001447091;0,001869159;0,000482364;0,003376545;1
26;0,00065089;0,010042308;0,00065089;0,000743875;0,004137803;0,02575666;0,095448417;0,703472965;0,149565298;0,000790367;0,002510577;0,00172021;0,000185969;0,004323771;1
27;0,001626604;0,015964817;0,001385626;0,000542201;0,003915899;0,04891861;0,159166215;0,617567323;0,13838183;0,002409784;0,003132719;0,002771251;0,000361468;0,003855654;1
28;0,001231632;0,020852799;0,001656332;0,000552111;0,004289476;0,059118322;0,199354455;0,566762932;0,131317421;0,001656332;0,005011467;0,002420793;0,00021235;0,005563578;1
29;0,000935329;0,022047034;0,001536611;0,000668092;0,003474078;0,057589524;0,19782202;0,57696419;0,119321219;0,003474078;0,004409407;0,003407269;0,000200428;0,008150722;1
30;0,002105263;0,024537205;0,001088929;0,000653358;0,003629764;0,06061706;0,225626134;0,507949183;0,156805808;0,003484574;0,002831216;0,00508167;0,000362976;0,00522686;1
31;0,001913939;0,022703273;0,002837909;0,000395987;0,005411827;0,056296199;0,227362724;0,505411827;0,161232841;0,00217793;0,002111932;0,004421859;0,000659979;0,007061774;1
32;0,001923341;0,024934744;0,002541558;0,00089298;0,003984064;0,073430416;0,242821816;0,493130925;0,134496497;0,002885012;0,004602281;0,007418601;0,000343454;0,006594312;1
33;0,002842211;0,024021271;0,000916842;0,001283579;0,005134317;0,070871917;0,266526084;0,462546988;0,146878152;0,00302558;0,003392317;0,004675896;0,000550105;0,007334739;1
34;0,002500853;0,026941003;0,002444015;0,001705127;0,004092304;0,067750369;0,257076276;0,470217119;0,144878936;0,003637604;0,003751279;0,004944868;0,001193589;0,008866659;1
35;0,003253864;0,025655466;0,005443965;0,001814655;0,005756836;0,078280458;0,290657656;0,417933796;0,146924473;0,003128715;0,004818222;0,006445154;0,000625743;0,009260997;1
36;0,002907971;0,025487513;0,002480328;0,001881628;0,007526514;0,082278481;0,325008553;0,378806021;0,14796442;0,0041909;0,004361957;0,007697571;0,0011974;0,008210742;1
37;0,002444988;0,023821167;0,003143556;0,001676563;0,0056584;0,075096053;0,303597625;0,417045058;0,141669577;0,004400978;0,005099546;0,007265107;0,001187565;0,007893818;1
38;0,002126595;0,026144608;0,002314236;0,001376032;0,004315737;0,072304228;0,290968226;0,434701026;0,142857143;0,003252439;0,005754316;0,005441581;0,000750563;0,00769327;1
39;0,002824859;0,028128381;0,002945066;0,001322274;0,005228994;0,072484674;0,280021637;0,438333934;0,146291622;0,003245582;0,00444765;0,007332612;0,000601034;0,006791682;1
40;0,002243567;0,023908014;0,002734348;0,001262007;0,005538807;0,072355045;0,284652598;0,446189441;0,138890836;0,002944682;0,005819253;0,005538807;0,00049078;0,007431817;1
41;0,004094539;0,028580695;0,00227024;0,00166214;0,004783719;0,073539547;0,314103863;0,410062026;0,136944095;0,003202659;0,004337779;0,007337739;0,00085134;0,008229619;1
42;0,002354977;0,029028692;0,002354977;0,000961215;0,006584323;0,069111357;0,300475801;0,42428029;0,144134186;0,002979766;0,004854136;0,005911472;0,000720911;0,006247897;1
43;0,004144775;0,028196147;0,002918856;0,001926445;0,00607122;0,075189726;0,304845301;0,415294804;0,141155867;0,003152364;0,003969644;0,004845301;0,00081728;0,007472271;1
44;0,002962;0,023407022;0,001950585;0,001444878;0,006285219;0,084958821;0,317584164;0,410345326;0,129677792;0,001806097;0,004045658;0,006285219;0,000794683;0,008452536;1
45;0,001949118;0,021645466;0,001333607;0,001538777;0,006155109;0,071296676;0,360381617;0,381411572;0,127718506;0,003898236;0,006462864;0,00677062;0,00020517;0,009232663;1
46;0,00244146;0,023082899;0,002774387;0,001109755;0,006547553;0,080235268;0,344689824;0,366551992;0,146376651;0,004217068;0,00466097;0,00810121;0,000776828;0,008434136;1
47;0,004498889;0,015068567;0,002439157;0,002872784;0,0062334;0,065965635;0,517263808;0,23302076;0,11729633;0,005257738;0,007154859;0,013225649;0,002113936;0,007588487;1
48;0,002369044;0,021795209;0,002474335;0,001000263;0,006159516;0,066333246;0,298025796;0,454119505;0,126875494;0,002737563;0,004422216;0,006264807;0,000684391;0,006738615;1
49;0,002718975;0,026736583;0,002460025;0,001747912;0,005049524;0,065125914;0,320385835;0,392762349;0,158736324;0,005114262;0,004790574;0,007185861;0,001165275;0,006020587;1
50;0,002136296;0,023712882;0,001815851;0,000640889;0,004112369;0,061258278;0,254646443;0,502990814;0,129993591;0,003738517;0,003631703;0,004593036;0,000373852;0,00635548;1
51;0,001547531;0,028224024;0,003095063;0,00073692;0,004053058;0,055121592;0,252321297;0,493883567;0,139646279;0,003316139;0,004716286;0,006116433;0,000810612;0,006411201;1
52;0,003373103;0,017677556;0,001561622;0,001311762;0,008057967;0,070710225;0,346242738;0,373852208;0,15091511;0,003747892;0,006621276;0,008307827;0,001124368;0,006496346;1
53;0,004618806;0,019957804;0,002052803;0,001824713;0,005074984;0,070650624;0,355305925;0,372241546;0,138165023;0,005816274;0,005816274;0,009579746;0,001767691;0,007127787;1
54;0,003611151;0,023159517;0,002022245;0,001588907;0,008185276;0,080745342;0,309114546;0,418219462;0,127353267;0,003707449;0,005585247;0,007559343;0,001251866;0,007896384;1
55;0,003672338;0,025331635;0,00224837;0,002098479;0,005321142;0,067151315;0,36093832;0,368282995;0,140298284;0,00449674;0,004946414;0,006595218;0,001199131;0,007419621;1
56;0,002755689;0,023935123;0,003857964;0,001181009;0,006219983;0,071884104;0,362963546;0,366349106;0,134792536;0,00338556;0,007243524;0,009369341;0,000629872;0,005432643;1
57;0,002402237;0,02410113;0,003859331;0,001535856;0,005552711;0,069389202;0,316110739;0,400070886;0,155436538;0,003189855;0,003938093;0,005788997;0,000905761;0,007718663;1
58;0,002485744;0,029926402;0,002290783;0,001072282;0,004289126;0,073841205;0,31681045;0,402349271;0,142564702;0,004094166;0,005556368;0,005507628;0,000682361;0,008529512;1
59;0,002871539;0,027198353;0,002004659;0,00140868;0,005905618;0,07747738;0,318740857;0,412797313;0,128948366;0,002438099;0,004876199;0,006068158;0,0010836;0,008181178;1
60;0,002293784;0,032562742;0,002293784;0,000854547;0,00445264;0,079517856;0,302734551;0,440541513;0,111046146;0,003643069;0,00386795;0,005756949;0,000764595;0,009669875;1
61;0,002117049;0,028415506;0,003622507;0,000752729;0,005033873;0,072073767;0,257245013;0,483675198;0,128199097;0,002399323;0,005551374;0,004187053;0,000611592;0,00611592;1
62;0,002436228;0,032960734;0,002937805;0,001648037;0,00494411;0,074448266;0,29829464;0,420321009;0,132057896;0,003511035;0,005159071;0,007881915;0,001003153;0,012396102;1
63;0,002147591;0,028733291;0,002554893;0,000925686;0,007257378;0,074054875;0,268263783;0,468545192;0,128003851;0,002591921;0,004961677;0,0041841;0,000518384;0,007257378;1
64;0,002408478;0,034062758;0,001789155;0,001101018;0,00423204;0,078654005;0,274772915;0,459365538;0,122488302;0,002890173;0,003819158;0,004679328;0,000688137;0,009048995;1
65;0,002396344;0,036446723;0,002396344;0,001337494;0,003399465;0,078577798;0,257523406;0,456531431;0,134195274;0,002284886;0,004123941;0,012148908;0,000557289;0,008080695;1
66;0,00211623;0,033534104;0,001736394;0,001248033;0,004286722;0,086060014;0,266644962;0,455640566;0,129795431;0,002658853;0,003852624;0,00472082;0,000813935;0,006891313;1
67;0,001963351;0,035013089;0,001926992;0,000908959;0,004762944;0,088532577;0,268215532;0,461314718;0,119546248;0,002326934;0,003381326;0,00418121;0,000472659;0,007453461;1
68;0,002126319;0,038982517;0,001968814;0,001220665;0,003583241;0,083989605;0,268821862;0,466727044;0,116238778;0,00200819;0,004213262;0,002598834;0,000275634;0,007245235;1
69;0,001038647;0,028792271;0,001690821;0,000821256;0,004275362;0,0597343;0,212004831;0,550555556;0,126425121;0,002125604;0,003864734;0,002657005;0,000338164;0,005676329;1
70;0,001737085;0,035516716;0,001950881;0,000988802;0,004462973;0,070953259;0,252999813;0,488708945;0,122718405;0,002271573;0,005398327;0,004436249;0,000641385;0,007215586;1
71;0,001745282;0,031880483;0,001722011;0,000605031;0,005561632;0,059549019;0,220021874;0,535941172;0,128522561;0,002257231;0,002815721;0,002862262;0,000372327;0,006143392;1
72;0,002311842;0,038684819;0,002209093;0,001232982;0,00590804;0,082712561;0,274595428;0,440893912;0,131723606;0,004058567;0,003750321;0,004880555;0,000462368;0,006575905;1
73;0,002479755;0,038436204;0,002479755;0,000542446;0,00495951;0,082684335;0,260413034;0,472470844;0,116238521;0,002479755;0,00395211;0,004339571;0,000271223;0,008252935;1
74;0,00394342;0,028346907;0,002486069;0,000685812;0,003686241;0,057436777;0,204343478;0,556250893;0,128018288;0,001914559;0,002400343;0,003229033;0,000342906;0,006915274;1
75;0,001920492;0,02906344;0,001920492;0,000768197;0,005121311;0,072274502;0,267652519;0,461942257;0,142756546;0,002688688;0,003712951;0,003264836;0,000256066;0,006657704;1
76;0,001751599;0,035235651;0,003136584;0,000692493;0,00570288;0,067497658;0,26587641;0,466699255;0,134669437;0,003625402;0,004765978;0,003340258;0,000570288;0,006436107;1
77;0,002143455;0,031890422;0,002195734;0,001202426;0,00679632;0,071152238;0,30661857;0,409713509;0,146852781;0,002613969;0,006012129;0,0050711;0,00083647;0,006900878;1
78;0,002286483;0,025622058;0,001681237;0,001681237;0,004572966;0,063214526;0,30934768;0,414794889;0,156489576;0,003564223;0,005648958;0,004774714;0,000605245;0,005716207;1
79;0,002593193;0,025877904;0,002701243;0,001134522;0,005672609;0,068611561;0,242895732;0,483792545;0,146893571;0,002863317;0,004430038;0,004970286;0,001134522;0,006428957;1
80;0,001697444;0,036160691;0,002314696;0,001080191;0,006738337;0,069955249;0,243145929;0,480376524;0,138881745;0,002623322;0,00421789;0,005092331;0,000257188;0,007458464;1
81;0,002142816;0,026582498;0,001100365;0,001216193;0,003764406;0,065500666;0,238952916;0,507036544;0,136908554;0,003996062;0,003185267;0,004517287;0,000810795;0,004285632;1
82;0,00229038;0,029675363;0,001892053;0,00169289;0,005825533;0,070205138;0,254232225;0,474606652;0,140509859;0,003535152;0,00338578;0,004779924;0,000746863;0,006622187;1
83;0,001752638;0,025945909;0,002061927;0,000962232;0,006323241;0,055912574;0,211759854;0,535791608;0,142376027;0,002543043;0,004845527;0,003333448;0,000240558;0,006151414;1
84;0,002640535;0,027461566;0,002347142;0,001173571;0,00487032;0,07370027;0,29562258;0,420431874;0,14657904;0,003109964;0,005809177;0,007980284;0,000704143;0,007569534;1
85;0,001488616;0,033450088;0,001926445;0,000700525;0,004728546;0,064886165;0,239054291;0,492294221;0,145621716;0,002714536;0,003415061;0,004115587;0,000437828;0,005166375;1
86;0,002881844;0,019058235;0,002555598;0,001604045;0,004757762;0,076015442;0,396443913;0,30074493;0,162824207;0,004132456;0,005247132;0,014952966;0,001033114;0,007748355;1
87;0,005482533;0,015721281;0,002483541;0,001757222;0,005623111;0,076896043;0,432604672;0,293081231;0,134837516;0,003983037;0,009535859;0,008645533;0,001804081;0,007544341;1
88;0,001980031;0,021990985;0,002064288;0,001474491;0,00779374;0,056662594;0,284113409;0,432784261;0,168976703;0,003875806;0,005603067;0,005392425;0,000547668;0,006740532;1
89;0,002943848;0,020043218;0,002724625;0,002019981;0,005762425;0,064106981;0,35161755;0,369264978;0,157276628;0,003006483;0,007594501;0,005762425;0,001064796;0,006811562;1
90;0,002803651;0,021370051;0,002554438;0,001915828;0,005420392;0,062147597;0,388726208;0,351313043;0,137737142;0,003987415;0,005747485;0,008504408;0,000996854;0,00677549;1
91;0,003647609;0,012211561;0,002378876;0,002061692;0,004599159;0,068115138;0,416461819;0,27476013;0,191103005;0,003806201;0,003489018;0,008643248;0,001744509;0,006978035;1
92;0,00317758;0,025212273;0,002969214;0,001302287;0,005782153;0,069229567;0,292337344;0,417304787;0,164348596;0,002500391;0,003802678;0,005573788;0,000729281;0,005730062;1
93;0,002893125;0,028931246;0,002637849;0,001531654;0,007062628;0,069775357;0,32615725;0,391933288;0,146272975;0,003999319;0,005701157;0,00493533;0,000850919;0,007317903;1
94;0,002244109;0,031043511;0,0013714;0,000997382;0,004425882;0,076985413;0,325645181;0,397332003;0,139010098;0,002618127;0,004612891;0,006482982;0,0006857;0,006545319;1
95;0,002101004;0,02669053;0,001945374;0,001011594;0,007509143;0,059839701;0,307369076;0,425219827;0,146681192;0,003774025;0,004124193;0,005680492;0,00077815;0,007275698;1
96;0,002795726;0,027833002;0,001428926;0,001863817;0,008014414;0,072129722;0,317718688;0,395812624;0,150285785;0,003230616;0,003851889;0,005467197;0,00111829;0,008449304;1
97;0,003608247;0,022744845;0,002384021;0,00128866;0,006636598;0,057474227;0,352061856;0,384858247;0,147744845;0,003092784;0,004252577;0,004896907;0,000773196;0,00818299;1
98;0,003007808;0,024894407;0,002303853;0,001823883;0,007007552;0,053116601;0,282669909;0,454978881;0,148982465;0,003391783;0,004863689;0,004639703;0,000991937;0,007327531;1
99;0,002368373;0,023987369;0,001821825;0,001336005;0,007165847;0,054351126;0,254994838;0,487581223;0,143863485;0,004311654;0,004615291;0,005829842;0,001032368;0,006740754;1
100;0,002038896;0,028126307;0,001882058;0,001045588;0,008992054;0,049979088;0,256273526;0,485466332;0,149309912;0,002195734;0,003136763;0,003920954;0,000679632;0,006953158;1
101;0,002361031;0,028373788;0,002361031;0,001118383;0,007248778;0,060434098;0,263648414;0,469223759;0,143318698;0,003230884;0,004349267;0,004846326;0,000579902;0,008905642;1
102;0,00180415;0,032174;0,002355417;0,00085196;0,005813371;0,057081287;0,233587251;0,488724065;0,1579132;0,002656109;0,00466072;0,004259798;0,000501153;0,00761752;1
103;0,002583109;0,032513477;0,002695418;0,001403863;0,006570081;0,057446092;0,241239892;0,46720575;0,167003594;0,003425427;0,004548518;0,003930818;0,000954627;0,008479335;1
104;0,002373919;0,03112471;0,002426672;0,001477105;0,00506436;0,064306816;0,272209327;0,442340156;0,157997468;0,003165225;0,004695083;0,004536822;0,001213336;0,007069002;1
105;0,002160618;0,032958582;0,002416963;0,000915516;0,005566338;0,065514337;0,24971619;0,475702201;0,146555828;0,002600066;0,003259238;0,004687443;0,000695792;0,007250888;1
106;0,002535466;0,031934802;0,001931784;0,001448838;0,004889828;0,066042861;0,260368246;0,447449442;0,163054633;0,003259885;0,004708723;0,003984304;0,000724419;0,007666767;1
107;0,001858127;0,031588152;0,002331767;0,001238751;0,005501512;0,069406493;0,267679528;0,456771232;0,146172624;0,00255037;0,003534084;0,003133311;0,000728677;0,007505374;1
108;0,00273224;0,034836066;0,00204918;0,00136612;0,005862933;0,068306011;0,277663934;0,441541439;0,144410291;0,002276867;0,004382969;0,006318306;0,000796903;0,00745674;1
109;0,00239521;0,033083832;0,002170659;0,00130988;0,005164671;0,072492515;0,26511976;0,447342814;0,147492515;0,003106287;0,005875749;0,004640719;0,000486527;0,009318862;1
110;0,002329725;0,029669727;0,002398246;0,001370426;0,004659449;0,072221461;0,299849253;0,434836234;0,133479512;0,002877895;0,003837193;0,003768672;0,000411128;0,008291079;1
111;0,002274795;0,031587157;0,004029637;0,001104901;0,00766931;0,062459379;0,265306122;0,458013779;0,147991681;0,002339789;0,005719485;0,003119719;0,000389965;0,007994281;1
112;0,007626392;0,032219366;0,001885176;0,001456727;0,005998286;0,070179949;0,273693231;0,436418166;0,150214225;0,003256213;0,005998286;0,004113111;0,000685518;0,006255356;1
113;0,002229109;0,034089056;0,002446583;0,000978633;0,006089273;0,063991736;0,264774643;0,445223726;0,156853151;0,003153374;0,005273745;0,004784429;0,000761159;0,009351384;1
114;0,002504592;0,034229421;0,001669728;0,001127066;0,005384872;0,068375355;0,271205543;0,457964602;0,138211721;0,002796794;0,00313074;0,005134413;0,000709634;0,007555518;1
115;0,002148789;0,036529415;0,002671468;0,000929206;0,007085197;0,076194901;0,285382426;0,440211394;0,127823915;0,003194146;0,004646031;0,004646031;0,001277658;0,007259423;1
116;0,002789515;0,03929934;0,001640891;0,000738401;0,005496985;0,072158182;0,286786725;0,430815933;0,139393691;0,002625426;0,004307339;0,005784141;0,000410223;0,00775321;1
117;0,001645906;0,038828414;0,002132196;0,00134665;0,004376613;0,069352486;0,254591703;0,473534583;0,134403172;0,00220701;0,003890323;0,00441402;0,000523697;0,008753226;1
118;0,002014002;0,035436847;0,002061955;0,001246763;0,006137911;0,058933538;0,227390429;0,51735878;0,131917138;0,002349669;0,004219814;0,003692337;0,000383619;0,006857198;1
119;0,001558907;0,033945204;0,002065552;0,000818426;0,005456175;0,06383725;0,227795315;0,506060252;0,140184731;0,002572197;0,005222339;0,003663432;0,000506645;0,006313574;1
120;0,002225952;0,031199825;0,001459641;0,001021749;0,005145234;0,053605313;0,212158809;0,521675668;0,1540651;0,002444899;0,003503138;0,003028755;0,00036491;0,008101007;1
121;0,002471424;0,029436427;0,001897701;0,00136811;0,005737235;0,049869809;0,226002913;0,50350854;0,159715786;0,002824485;0,003707136;0,00445739;0,000706121;0,008296924;1
122;0,001752035;0,024116253;0,002112749;0,000721426;0,003916315;0,040915181;0,162630114;0,592033392;0,157734721;0,001855096;0,00340101;0,002524992;0,000463774;0,005822941;1
123;0,002671284;0,031016572;0,002028197;0,000989364;0,005985654;0,05575068;0,213950037;0,517635419;0,151125402;0,002325006;0,00445214;0,003759584;0,000148405;0,008162256;1
124;0,00299414;0,028914838;0,003208007;0,000898242;0,006929296;0,067368151;0,279096625;0,457076864;0,133239232;0,002694726;0,003892382;0,003892382;0,000941015;0,0088541;1
125;0,002334555;0,030738303;0,002140008;0,000680912;0,005576992;0,063227522;0,239907915;0,491521027;0,144029052;0,001977887;0,004150319;0,004150319;0,000291819;0,00927337;1
126;0,002831305;0,031947262;0,001098715;0,001267748;0,004859703;0,066472279;0,238040906;0,490703178;0,142325896;0,00270453;0,004521636;0,005240027;0,000591616;0,007395199;1
127;0,001705821;0,028460272;0,001406554;0,000658387;0,004668562;0,054676044;0,186802334;0,566990872;0,138021846;0,001645967;0,005027682;0,003262008;0,000508754;0,006164896;1
128;0,001960272;0,028195243;0,001927601;0,000849451;0,005260063;0,066975954;0,228404339;0,508788552;0,136206221;0,003593832;0,004181913;0,004769995;0,000686095;0,00820047;1
129;0,001906266;0,029220337;0,001225457;0,000980365;0,00492906;0,066583154;0,221780453;0,526292857;0,130524768;0,001933499;0,003431279;0,003512976;0,000517415;0,007162114;1
130;0,001918005;0,030887877;0,003116759;0,000799169;0,004715096;0,069128107;0,221889235;0,521337809;0,126868057;0,001997922;0,00435547;0,00411572;0,000279709;0,008591065;1
131;0,00231107;0,029466143;0,002426624;0,000346661;0,006355443;0,062861105;0,232031431;0,502657731;0,141321932;0,003351052;0,004506587;0,004506587;0,000346661;0,007510978;1
132;0,001933352;0,026539651;0,002320022;0,000703037;0,005940664;0,064749719;0,254710349;0,476940382;0,144474128;0,004042463;0,00530793;0,003866704;0,000738189;0,007733408;1
133;0,00151047;0,024201854;0,003776176;0,000720906;0,004119464;0,060762101;0,220082389;0,524682458;0,139787161;0,003020941;0,003673189;0,004050807;0,000480604;0,00913148;1
134;0,001071635;0,025389498;0,001813536;0,000824334;0,003297337;0,050861429;0,172038579;0,588574726;0,14013684;0,001978402;0,003627071;0,001895969;0,0002473;0,008243344;1
135;0,001052632;0,019279778;0,001606648;0,000277008;0,003434903;0,052742382;0,169252078;0,598116343;0,139113573;0,00199446;0,00265928;0,003047091;0,000221607;0,007202216;1
136;0,001862928;0,02887538;0,001813903;0,000735366;0,004804393;0,059368566;0,191391313;0,565986861;0,126973233;0,002990489;0,003970978;0,002745367;0,000588293;0,007892931;1
137;0,001469768;0,024225838;0,001267042;0,000354772;0,00486544;0,065176626;0,199787137;0,552582231;0,132279155;0,001723177;0,00425726;0,0030409;0,000405453;0,008565202;1
138;0,00111091;0,02033224;0,001524272;0,000749218;0,002867698;0,054408763;0,157103366;0,62293642;0,124421939;0,002195985;0,003100214;0,002583512;0,000413362;0,006252099;1
139;0,001155545;0,022285502;0,001361892;0,000825389;0,0044571;0,053939169;0,146877966;0,625809913;0,129586067;0,001320622;0,002847592;0,003053939;0,000536503;0,005942801;1
140;0,001486743;0,022714132;0,001651937;0,001156356;0,002973486;0,057817791;0,177418023;0,586272404;0,133311308;0,002064921;0,00289089;0,002064921;0,000247791;0,007929297;1
141;0,000970309;0,020133903;0,00169804;0,000679216;0,004414904;0,045167863;0,149864157;0,620803415;0,142004657;0,001309917;0,003153503;0,001940617;0,000388123;0,007471376;1
142;0,000612852;0,009630538;0,001342439;0,000116734;0,00262651;0,033094029;0,086383004;0,720714411;0,135382011;0,001429989;0,002334676;0,001896924;0,000145917;0,004289967;1
143;0,00135318;0,019382313;0,00135318;0,000517392;0,003860543;0,047600096;0,147616015;0,63647218;0,126124333;0,002467563;0,002746159;0,002865558;0,000397994;0,007243493;1
144;0,001324854;0,019342872;0,001766472;0,000441618;0,003003003;0,056350468;0,127097686;0,653418124;0,123918036;0,001678149;0,003886239;0,001413178;0;0,0063593;1
145;0,001457383;0,032720606;0,001645433;0,000611161;0,004231113;0,076818203;0,224672089;0,521649194;0,118283108;0,001880495;0,002679705;0,00357294;0,000282074;0,009496498;1
146;0,001153181;0,028188865;0,001153181;0,000704722;0,004997117;0,074059837;0,245947851;0,496956884;0,125632648;0,002690755;0,003651739;0,005509642;0,000512525;0,008841053;1
147;0,000883642;0,021419483;0,001237099;0,00106037;0,00417079;0,051251237;0,152021773;0,622331401;0,130390216;0,001590556;0,003463877;0,002898346;0,000353457;0,006927753;1
148;0,000814279;0,017165006;0,00140056;0,00055371;0,003485115;0,041788809;0,127646407;0,658914729;0,136114911;0,001237704;0,003289688;0,002279982;0,000195427;0,005113673;1
149;0,000913323;0,014141771;0,001590949;0,000766013;0,002651582;0,035619586;0,116433917;0,66584173;0,150226858;0,001384715;0,003181899;0,001915032;0,000235696;0,00509693;1
150;0,000348048;0,007251001;0,000754104;0,000174024;0,00174024;0,020128778;0,075816463;0,758628691;0,127849643;0,000348048;0,001856256;0,001972272;0,000348048;0,002784384;1
151;0,001112803;0,011215884;0,00122994;0,000556402;0,002986998;0,034350474;0,117312873;0,688093007;0,131310765;0,001317793;0,002928429;0,001727773;0,000263559;0,0055933;1
152;0,000722241;0,015851294;0,001634546;0,000456152;0,004257422;0,041509864;0,138518265;0,664043791;0,12251492;0,001026343;0,003763257;0,000798267;0,000228076;0,004675562;1
153;0,001213932;0,023656115;0,00158745;0,000653656;0,004762349;0,061288013;0,191490024;0,578703271;0,121579979;0,001400691;0,004108694;0,002988141;0,000249012;0,006318673;1
154;0,001122965;0,023722628;0,002217855;0,000617631;0,004716451;0,064710837;0,218444694;0,548203257;0,120241437;0,001880966;0,003593487;0,00286356;0,000364964;0,00729927;1
155;0,001823672;0,024843792;0,002182427;0,000747406;0,004334958;0,060659511;0,230320787;0,518999073;0,139286675;0,003228796;0,003796825;0,003288589;0,000209274;0,006278215;1
156;0,00200654;0,028537455;0,001337693;0,000668847;0,005350773;0,082862663;0,269396552;0,468564209;0,120466706;0,003492866;0,00401308;0,004681926;0,000445898;0,008174792;1
157;0,001931196;0,027261295;0,002290488;0,000673673;0,004401329;0,08160424;0,264708524;0,473502201;0,124180365;0,002559957;0,003682745;0,004446241;0,000359292;0,008398455;1
158;0,00184086;0,044143061;0,00184086;0,00078894;0,003343602;0,0838906;0,266699226;0,465699902;0,113006236;0,001953565;0,003719288;0,004545796;0,000488391;0,008039672;1
159;0,002409341;0,043491691;0,001976895;0,000864892;0,004200902;0,081361586;0,285723111;0,440785816;0,117748811;0,003583122;0,004015568;0,005436461;0,000741336;0,007660468;1
160;0,002143285;0,048854288;0,002174804;0,000661897;0,004475683;0,081161156;0,256973556;0,467551297;0,117628518;0,002899738;0,00343556;0,004885429;0,000346708;0,006808081;1
161;0,001701173;0,046366006;0,002352686;0,000796294;0,003800492;0,081294339;0,279499059;0,440169393;0,123606486;0,002316491;0,004850152;0,005718836;0,000687708;0,006840886;1
162;0,002217395;0,034618518;0,001810119;0,001448095;0,006290162;0,084306272;0,320028962;0,386188795;0,141777536;0,003846502;0,00443479;0,007014209;0,000678794;0,00533985;1
163;0,002762929;0,03291489;0,001321401;0,001081146;0,004384648;0,09105652;0,337798066;0,388611929;0,11988708;0,003784011;0,005345666;0,004684966;0,001081146;0,005285603;1
164;0,001926423;0,029952772;0,002299279;0,000745712;0,004847129;0,087559036;0,298719861;0,433383047;0,118754661;0,002299279;0,004039274;0,006897837;0,001242854;0,007332836;1
165;0,002071429;0,032964286;0,001857143;0,000857143;0,005321429;0,07575;0,257428571;0,474964286;0,127678571;0,0035;0,005607143;0,004178571;0,000428571;0,007392857;1
166;0,001223242;0,032896461;0,001660114;0,000961118;0,005679336;0,083486239;0,290519878;0,429750983;0,133595457;0,002664919;0,00467453;0,005591962;0,000742682;0,00655308;1
167;0,001075637;0,030900112;0,002395737;0,000635604;0,00435144;0,071187601;0,252823547;0,478951743;0,13553024;0,002982448;0,004742581;0,004987043;0,000244463;0,009191806;1
